{
	"toughness_health+1": {
		"title": "+0.5 Heart",
		"frame": {
			"type": "advancement",
			"data": {
				"frame": "challenge"
			}
		},
		"icon": {
			"type": "effect",
			"data": {
				"effect": "regeneration"
			}
		},
		"rewards": [
			{
				"type": "puffish_skills:attribute",
				"data": {
					"attribute": "generic.max_health",
					"value": 1,
					"operation": "addition"
				}
			}
		],
		"metadata": {
			"icon": "hix6vplojr2omvak"
		}
	},
	"toughness_health+2": {
		"title": "+1 Heart",
		"icon": {
			"type": "effect",
			"data": {
				"effect": "regeneration"
			}
		},
		"rewards": [
			{
				"type": "puffish_skills:attribute",
				"data": {
					"attribute": "generic.max_health",
					"value": 2,
					"operation": "addition"
				}
			}
		],
		"metadata": {
			"icon": "tlx57k1flwf4rues"
		}
	},
	"toughness_melee_resistance+1%": {
		"title": "+1% Melee Resistance",
		"frame": {
			"type": "advancement",
			"data": {
				"frame": "challenge"
			}
		},
		"icon": {
			"type": "effect",
			"data": {
				"effect": "resistance"
			}
		},
		"rewards": [
			{
				"type": "puffish_skills:attribute",
				"data": {
					"attribute": "puffish_attributes:melee_resistance",
					"value": 0.01,
					"operation": "multiply_total"
				}
			}
		],
		"metadata": {
			"icon": "3cvouq1x2flplvxd"
		}
	},
	"toughness_ranged_resistance+1%": {
		"title": "+1% Ranged Resistance",
		"frame": {
			"type": "advancement",
			"data": {
				"frame": "challenge"
			}
		},
		"icon": {
			"type": "effect",
			"data": {
				"effect": "resistance"
			}
		},
		"rewards": [
			{
				"type": "puffish_skills:attribute",
				"data": {
					"attribute": "puffish_attributes:ranged_resistance",
					"value": 0.01,
					"operation": "multiply_total"
				}
			}
		],
		"metadata": {
			"icon": "3cvouq1x2flplvxd"
		}
	},
	"toughness_total_resistance+1%": {
		"title": "+1% Resistance",
		"icon": {
			"type": "effect",
			"data": {
				"effect": "resistance"
			}
		},
		"rewards": [
			{
				"type": "puffish_skills:attribute",
				"data": {
					"attribute": "puffish_attributes:resistance",
					"value": 0.01,
					"operation": "multiply_total"
				}
			}
		],
		"metadata": {
			"icon": "goa9s5afta0n2c5o"
		}
	},
	"toughness_movement_speed+5%": {
		"title": "+5% Movement Speed",
		"icon": {
			"type": "effect",
			"data": {
				"effect": "speed"
			}
		},
		"rewards": [
			{
				"type": "puffish_skills:attribute",
				"data": {
					"attribute": "generic.movement_speed",
					"value": 0.05,
					"operation": "multiply_total"
				}
			}
		],
		"metadata": {
			"icon": "9go4pr0j2qbv1xma"
		}
	},
	"toughness_stamina+5%": {
		"title": "+5% Stamina",
		"icon": {
			"type": "effect",
			"data": {
				"effect": "saturation"
			}
		},
		"rewards": [
			{
				"type": "puffish_skills:attribute",
				"data": {
					"attribute": "puffish_attributes:stamina",
					"value": 0.05,
					"operation": "multiply_total"
				}
			}
		],
		"metadata": {
			"icon": "3kwievip3l6152ud"
		}
	},
	"toughness_natural_regeneration+5%": {
		"title": "+5% Natural Regeneration",
		"icon": {
			"type": "effect",
			"data": {
				"effect": "health_boost"
			}
		},
		"rewards": [
			{
				"type": "puffish_skills:attribute",
				"data": {
					"attribute": "puffish_attributes:natural_regeneration",
					"value": 0.05,
					"operation": "multiply_total"
				}
			}
		],
		"metadata": {
			"icon": "wozny756nd8s6th6"
		}
	},
	"toughness_blank_level": {
		"title": "Stepping Stone",
		"icon": {
			"type": "item",
			"data": {
				"item": "minecraft:smooth_stone_slab"
			}
		},
		"metadata": {
			"icon": "wozny756nd8s6th6"
		}
	}
}