{
	"root_resistance+5%": {
		"title": ["§6+5% ",{"translate":"skills.defense.total_armor_bonus", "color":"gold"} ],
		"description": {"translate":"skills.defense.description", "color":"white"},
		"frame": {
			"type": "advancement",
			"data": {
				"frame": "goal"
			}
		},
		"size": 1.5,
		"icon": {
			"type": "effect",
			"data": {
				"effect": "resistance"
			}
		},
		"rewards": [
			{
				"type": "puffish_skills:attribute",
				"data": {
					"attribute": "generic.armor",
					"value": 0.05,
					"operation": "multiply_base"
				}
			}
		]
	},
	"dual_dampening+10%": {
		"title": ["§6+10% ", {"translate":"skills.defense.cold_dampening", "color":"gold"}, " §6+10% ", {"translate":"skills.defense.heat_dampening", "color":"gold"}],
		"icon": {
			"type": "effect",
			"data": {
				"effect": "cold_sweat:grace"
			}
		},
		"rewards": [
			{
				"type": "puffish_skills:attribute",
				"data": {
					"attribute": "cold_sweat:cold_dampening",
					"value": 0.1,
					"operation": "addition"
				}
			},
			{
				"type": "puffish_skills:attribute",
				"data": {
					"attribute": "cold_sweat:heat_dampening",
					"value": 0.1,
					"operation": "addition"
				}
			},
			{
				"type": "puffish_skills:attribute",
				"data": {
					"attribute": "cold_sweat:cold_resistance",
					"value": 0.1,
					"operation": "addition"
				}
			},
			{
				"type": "puffish_skills:attribute",
				"data": {
					"attribute": "cold_sweat:heat_resistance",
					"value": 0.1,
					"operation": "addition"
				}
			}
		]
	},
	"cold_dampening+10%": {
		"title": ["+10% ", {"translate":"skills.defense.cold_dampening", "color":"white"}],
		"icon": {
			"type": "effect",
			"data": {
				"effect": "cold_sweat:ice_resistance"
			}
		},
		"rewards": [
			{
				"type": "puffish_skills:attribute",
				"data": {
					"attribute": "cold_sweat:cold_dampening",
					"value": 0.1,
					"operation": "addition"
				}
			},
			{
				"type": "puffish_skills:attribute",
				"data": {
					"attribute": "cold_sweat:cold_resistance",
					"value": 0.1,
					"operation": "addition"
				}
			}
		]
	},
	"heat_dampening+10%": {
		"title": ["+10% ", {"translate":"skills.defense.heat_dampening", "color":"white"}],
		"icon": {
			"type": "effect",
			"data": {
				"effect": "cold_sweat:insulated"
			}
		},
		"rewards": [
			{
				"type": "puffish_skills:attribute",
				"data": {
					"attribute": "cold_sweat:heat_dampening",
					"value": 0.1,
					"operation": "addition"
				}
			},
			{
				"type": "puffish_skills:attribute",
				"data": {
					"attribute": "cold_sweat:heat_resistance",
					"value": 0.1,
					"operation": "addition"
				}
			}
		]
	},
	"armor+2.5%": {
		"title": ["+2.5% ", {"translate":"skills.defense.total_armor_bonus", "color":"white"}],
		"icon": {
			"type": "item",
			"data": {
				"item": "minecraft:iron_chestplate"
			}
		},
		"rewards": [
			{
				"type": "puffish_skills:attribute",
				"data": {
					"attribute": "generic.armor",
					"value": 0.025,
					"operation": "multiply_total"
				}
			}
		]
	},
	"armor+5%": {
		"title": ["§6+5% ", {"translate":"skills.defense.total_armor_bonus", "color":"gold"}],
		"frame": {
			"type": "advancement",
			"data": {
				"frame": "goal"
			}
		},
		"size": 1.5,
		"icon": {
			"type": "item",
			"data": {
				"item": "immersiveengineering:armor_steel_chest"
			}
		},
		"rewards": [
			{
				"type": "puffish_skills:attribute",
				"data": {
					"attribute": "generic.armor",
					"value": 0.05,
					"operation": "multiply_total"
				}
			}
		]
	},
	"health+1": {
		"title": ["+0.5 ", {"translate":"skills.defense.health", "color":"white"}],
		"icon": {
			"type": "effect",
			"data": {
				"effect": "regeneration"
			}
		},
		"rewards": [
			{
				"type": "puffish_skills:attribute",
				"data": {
					"attribute": "generic.max_health",
					"value": 1,
					"operation": "addition"
				}
			}
		]
	},
	"health+2": {
		"title": ["§6+1 ", {"translate":"skills.defense.health", "color":"gold"}],
		"frame": {
			"type": "advancement",
			"data": {
				"frame": "goal"
			}
		},
		"size": 1.5,
		"icon": {
			"type": "effect",
			"data": {
				"effect": "health_boost"
			}
		},
		"rewards": [
			{
				"type": "puffish_skills:attribute",
				"data": {
					"attribute": "generic.max_health",
					"value": 2,
					"operation": "addition"
				}
			}
		]
	}
}