{
	"root_melee_damage+5%": {
		"title": ["§6+5% ", {"translate":"skills.combat.melee_damage", "color":"gold"}],
		"description": {"translate":"skills.combat.description", "color":"white"},
		"size": 1.5,
		"frame": {
			"type": "advancement",
			"data": {
				"frame": "goal"
			}
		},
		"icon": {
			"type": "effect",
			"data": {
				"effect": "strength"
			}
		},
		"rewards": [
			{
				"type": "puffish_skills:attribute",
				"data": {
					"attribute": "puffish_skills:player.melee_damage",
					"value": 0.05,
					"operation": "multiply_total"
				}
			}
		],
		"metadata": {
			"icon": "e2knw8qt08o0lu5p"
		}
	},
	"melee_damage+2.5%": {
		"title": ["+2.5% ", {"translate":"skills.combat.melee_damage", "color":"white"}],
		"icon": {
			"type": "item",
			"data": {
				"item": "apocalypsenow:combat_knife"
			}
		},
		"rewards": [
			{
				"type": "puffish_skills:attribute",
				"data": {
					"attribute": "puffish_skills:player.melee_damage",
					"value": 0.025,
					"operation": "multiply_total"
				}
			}
		],
		"metadata": {
			"icon": "u1te9zjkw9wa6syn"
		}
	},
	"melee_damage+4%": {
		"title": ["§6+4% ", {"translate":"skills.combat.melee_damage", "color":"gold"}],
		"frame": {
			"type": "advancement",
			"data": {
				"frame": "goal"
			}
		},
		"size": 1.5,
		"icon": {
			"type": "item",
			"data": {
				"item": "apocalypsenow:machete"
			}
		},
		"rewards": [
			{
				"type": "puffish_skills:attribute",
				"data": {
					"attribute": "puffish_skills:player.melee_damage",
					"value": 0.04,
					"operation": "multiply_total"
				}
			}
		],
		"metadata": {
			"icon": "0s4mmbtt8lveh828"
		}
	},
	"ranged_damage+1%": {
		"title": ["+1% ", {"translate":"skills.combat.ranged_damage", "color":"white"}],
		"icon": {
			"type": "item",
			"data": {
				"item": "tac:glock_18"
			}
		},
		"rewards": [
			{
				"type": "puffish_skills:attribute",
				"data": {
					"attribute": "puffish_skills:player.ranged_damage",
					"value": 0.01,
					"operation": "multiply_base"
				}
			}
		],
		"metadata": {
			"icon": "kqi818k4h0unzlq2"
		}
	},
	"ranged_damage+2.5%": {
		"title": ["§6+2.5% ", {"translate":"skills.combat.ranged_damage", "color":"gold"}],
		"frame": {
			"type": "advancement",
			"data": {
				"frame": "goal"
			}
		},
		"size": 1.5,
		"icon": {
			"type": "item",
			"data": {
				"item": "tac:ak47"
			}
		},
		"rewards": [
			{
				"type": "puffish_skills:attribute",
				"data": {
					"attribute": "puffish_skills:player.ranged_damage",
					"value": 0.025,
					"operation": "multiply_base"
				}
			}
		],
		"metadata": {
			"icon": "ld3v4h4szttjkh1l"
		}
	},
	"attack_speed+2%": {
		"title": ["+2% ", {"translate":"skills.combat.attack_speed", "color":"white"}],
		"icon": {
			"type": "effect",
			"data": {
				"effect": "jump_boost"
			}
		},
		"rewards": [
			{
				"type": "puffish_skills:attribute",
				"data": {
					"attribute": "generic.attack_speed",
					"value": 0.02,
					"operation": "multiply_base"
				}
			}
		],
		"metadata": {
			"icon": "tkubnxvctiqpoik3"
		}
	},
	"attack_speed+2.5%": {
		"title": ["§6+2.5% ", {"translate":"skills.combat.attack_speed", "color":"gold"}],
		"frame": {
			"type": "advancement",
			"data": {
				"frame": "goal"
			}
		},
		"size": 1.5,
		"icon": {
			"type": "effect",
			"data": {
				"effect": "jump_boost"
			}
		},
		"rewards": [
			{
				"type": "puffish_skills:attribute",
				"data": {
					"attribute": "generic.attack_speed",
					"value": 0.025,
					"operation": "multiply_base"
				}
			}
		],
		"metadata": {
			"icon": "ryc1melvnirex9z9"
		}
	}
}