{
	"root_manaregen": {
		"title": "+5% Mana Regen",
		"frame": {
			"type": "advancement",
			"data": {
				"frame": "challenge"
			}
		},
		"icon": {
			"type": "item",
			"data": {
				"item": "irons_spellbooks:amethyst_resonance_charm"
			}
		},
		"rewards": [
			{
				"type": "puffish_skills:attribute",
				"data": {
					"attribute": "irons_spellbooks:mana_regen",
					"value": 0.05,
					"operation": "multiply_total"
				}
			}
		],
		"metadata": {
			"icon": "7ryu15c6vqjq2ba7"
		}
	},
	"root_cooldown": {
		"title": "+5% Cooldown Reduction",
		"frame": {
			"type": "advancement",
			"data": {
				"frame": "challenge"
			}
		},
		"icon": {
			"type": "item",
			"data": {
				"item": "irons_spellbooks:cooldown_ring"
			}
		},
		"rewards": [
			{
				"type": "puffish_skills:attribute",
				"data": {
					"attribute": "irons_spellbooks:cooldown_reduction",
					"value": 0.05,
					"operation": "multiply_total"
				}
			}
		],
		"metadata": {
			"icon": "ykbewh3l4a4tol2z"
		}
	},
	"root_maxmana": {
		"title": "+15 Max Mana",
		"frame": {
			"type": "advancement",
			"data": {
				"frame": "challenge"
			}
		},
		"icon": {
			"type": "item",
			"data": {
				"item": "irons_spellbooks:mana_ring"
			}
		},
		"rewards": [
			{
				"type": "puffish_skills:attribute",
				"data": {
					"attribute": "irons_spellbooks:max_mana",
					"value": 15,
					"operation": "addition"
				}
			}
		],
		"metadata": {
			"icon": "jlg37ux81kszeltq"
		}
	},
	"root_casttime": {
		"title": "+5% Cast Time Reduction",
		"frame": {
			"type": "advancement",
			"data": {
				"frame": "challenge"
			}
		},
		"icon": {
			"type": "item",
			"data": {
				"item": "irons_spellbooks:cast_time_ring"
			}
		},
		"rewards": [
			{
				"type": "puffish_skills:attribute",
				"data": {
					"attribute": "irons_spellbooks:cast_time_reduction",
					"value": 0.05,
					"operation": "multiply_total"
				}
			}
		],
		"metadata": {
			"icon": "vymdbbdy910k809j"
		}
	},
	"manaregen2": {
		"title": "+2% Mana Regen",
		"icon": {
			"type": "item",
			"data": {
				"item": "irons_spellbooks:amethyst_resonance_charm"
			}
		},
		"rewards": [
			{
				"type": "puffish_skills:attribute",
				"data": {
					"attribute": "irons_spellbooks:mana_regen",
					"value": 0.02,
					"operation": "multiply_total"
				}
			}
		],
		"metadata": {
			"icon": "l8y6j1n4pqzud2cj"
		}
	},
	"cooldown2": {
		"title": "+2% Cooldown Reduction",
		"icon": {
			"type": "item",
			"data": {
				"item": "irons_spellbooks:cooldown_ring"
			}
		},
		"rewards": [
			{
				"type": "puffish_skills:attribute",
				"data": {
					"attribute": "irons_spellbooks:cooldown_reduction",
					"value": 0.02,
					"operation": "multiply_total"
				}
			}
		],
		"metadata": {
			"icon": "aufjljzz7ouzj46q"
		}
	},
	"maxmana2": {
		"title": "+3 Max Mana",
		"icon": {
			"type": "item",
			"data": {
				"item": "irons_spellbooks:mana_ring"
			}
		},
		"rewards": [
			{
				"type": "puffish_skills:attribute",
				"data": {
					"attribute": "irons_spellbooks:max_mana",
					"value": 3,
					"operation": "addition"
				}
			}
		],
		"metadata": {
			"icon": "s0cq0ao6ps6wfy0t"
		}
	},
	"casttime2": {
		"title": "+2% Cast Time Reduction",
		"icon": {
			"type": "item",
			"data": {
				"item": "irons_spellbooks:cast_time_ring"
			}
		},
		"rewards": [
			{
				"type": "puffish_skills:attribute",
				"data": {
					"attribute": "irons_spellbooks:cast_time_reduction",
					"value": 0.02,
					"operation": "multiply_total"
				}
			}
		],
		"metadata": {
			"icon": "3hyed6qm1n8iod2g"
		}
	},
	"spellpower1": {
		"title": "+2% Spell Power",
		"icon": {
			"type": "item",
			"data": {
				"item": "irons_spellbooks:electromancer_helmet"
			}
		},
		"rewards": [
			{
				"type": "puffish_skills:attribute",
				"data": {
					"attribute": "irons_spellbooks:spell_power",
					"value": 0.02,
					"operation": "multiply_total"
				}
			}
		],
		"metadata": {
			"icon": "uz633fmo0yxlu5q3"
		}
	},
	"spellpower3": {
		"title": "+4% Spell Power",
		"icon": {
			"type": "item",
			"data": {
				"item": "irons_spellbooks:electromancer_helmet"
			}
		},
		"rewards": [
			{
				"type": "puffish_skills:attribute",
				"data": {
					"attribute": "irons_spellbooks:spell_power",
					"value": 0.04,
					"operation": "multiply_total"
				}
			}
		],
		"metadata": {
			"icon": "yxcnpwxzk9aghzth"
		}
	},
	"cooldown10": {
		"title": "+10% Cooldown Reduction",
		"icon": {
			"type": "item",
			"data": {
				"item": "irons_spellbooks:cooldown_ring"
			}
		},
		"rewards": [
			{
				"type": "puffish_skills:attribute",
				"data": {
					"attribute": "irons_spellbooks:cooldown_reduction",
					"value": 0.1,
					"operation": "multiply_total"
				}
			}
		],
		"metadata": {
			"icon": "sz2n0miepbpfrts7"
		}
	},
	"casttime10": {
		"title": "+10% Cast Time Reduction",
		"icon": {
			"type": "item",
			"data": {
				"item": "irons_spellbooks:cast_time_ring"
			}
		},
		"rewards": [
			{
				"type": "puffish_skills:attribute",
				"data": {
					"attribute": "irons_spellbooks:cast_time_reduction",
					"value": 0.1,
					"operation": "multiply_total"
				}
			}
		],
		"metadata": {
			"icon": "lmm5x8fi4do7s3qv"
		}
	},
	"manaregen10": {
		"title": "+10% Mana Regen",
		"icon": {
			"type": "item",
			"data": {
				"item": "irons_spellbooks:amethyst_resonance_charm"
			}
		},
		"rewards": [
			{
				"type": "puffish_skills:attribute",
				"data": {
					"attribute": "irons_spellbooks:mana_regen",
					"value": 0.1,
					"operation": "multiply_total"
				}
			}
		],
		"metadata": {
			"icon": "2jpoqo99v5s1gni0"
		}
	},
	"maxmana10": {
		"title": "+13 Max Mana",
		"icon": {
			"type": "item",
			"data": {
				"item": "irons_spellbooks:mana_ring"
			}
		},
		"rewards": [
			{
				"type": "puffish_skills:attribute",
				"data": {
					"attribute": "irons_spellbooks:max_mana",
					"value": 13,
					"operation": "addition"
				}
			}
		],
		"metadata": {
			"icon": "asywsnsfn3ygvraq"
		}
	}
}