{"net.minecraftforge.event.entity.player.AdvancementEvent$AdvancementProgressEvent":"net.minecraftforge.event.entity.player.AdvancementEvent$AdvancementProgressEvent","net.minecraftforge.event.entity.player.PlayerEvent$LoadFromFile":"net.minecraftforge.event.entity.player.PlayerEvent$LoadFromFile","net.minecraftforge.event.entity.player.PlayerInteractEvent$RightClickItem":"net.minecraftforge.event.entity.player.PlayerInteractEvent$RightClickItem","net.minecraftforge.event.village.VillagerTradesEvent":"net.minecraftforge.event.village.VillagerTradesEvent","net.minecraftforge.event.level.BlockEvent$CropGrowEvent$Post":"net.minecraftforge.event.level.BlockEvent$CropGrowEvent$Post","net.minecraftforge.event.entity.living.LivingDamageEvent":"net.minecraftforge.event.entity.living.LivingDamageEvent","net.minecraftforge.event.entity.player.PlayerXpEvent":"net.minecraftforge.event.entity.player.PlayerXpEvent","net.minecraftforge.client.event.RenderLivingEvent":"net.minecraftforge.client.event.RenderLivingEvent","net.minecraftforge.event.RegisterCommandsEvent":"net.minecraftforge.event.RegisterCommandsEvent","net.minecraftforge.event.entity.player.EntityItemPickupEvent":"net.minecraftforge.event.entity.player.EntityItemPickupEvent","net.blay09.mods.balm.api.event.client.screen.ScreenMouseEvent":"net.blay09.mods.balm.api.event.client.screen.ScreenMouseEvent","net.minecraftforge.client.event.InputEvent$MouseScrollingEvent":"net.minecraftforge.client.event.InputEvent$MouseScrollingEvent","net.minecraftforge.event.entity.living.BabyEntitySpawnEvent":"net.minecraftforge.event.entity.living.BabyEntitySpawnEvent","net.minecraftforge.fml.event.lifecycle.FMLLoadCompleteEvent":"net.minecraftforge.fml.event.lifecycle.FMLLoadCompleteEvent","net.minecraftforge.client.event.ViewportEvent$RenderFog":"net.minecraftforge.client.event.ViewportEvent$RenderFog","net.minecraftforge.event.entity.living.LivingEvent$LivingVisibilityEvent":"net.minecraftforge.event.entity.living.LivingEvent$LivingVisibilityEvent","net.minecraftforge.event.level.LevelEvent$CreateSpawnPosition":"net.minecraftforge.event.level.LevelEvent$CreateSpawnPosition","net.minecraftforge.event.level.BlockEvent$BreakEvent":"net.minecraftforge.event.level.BlockEvent$BreakEvent","net.minecraftforge.event.entity.living.LivingEvent$LivingTickEvent":"net.minecraftforge.event.entity.living.LivingEvent$LivingTickEvent","net.minecraftforge.event.entity.player.PlayerContainerEvent":"net.minecraftforge.event.entity.player.PlayerContainerEvent","net.minecraftforge.fml.event.config.ModConfigEvent$Loading":"net.minecraftforge.fml.event.config.ModConfigEvent$Loading","net.minecraftforge.event.entity.player.PlayerInteractEvent$LeftClickBlock":"net.minecraftforge.event.entity.player.PlayerInteractEvent$LeftClickBlock","de.keksuccino.konkrete.events.ScreenKeyPressedEvent":"de.keksuccino.konkrete.events.ScreenKeyPressedEvent","net.minecraftforge.registries.IdMappingEvent":"net.minecraftforge.registries.IdMappingEvent","net.minecraftforge.event.BuildCreativeModeTabContentsEvent":"net.minecraftforge.event.BuildCreativeModeTabContentsEvent","net.minecraftforge.event.level.ChunkTicketLevelUpdatedEvent":"net.minecraftforge.event.level.ChunkTicketLevelUpdatedEvent","net.minecraftforge.client.event.ScreenEvent$MouseButtonReleased$Post":"net.minecraftforge.client.event.ScreenEvent$MouseButtonReleased$Post","net.minecraftforge.event.OnDatapackSyncEvent":"net.minecraftforge.event.OnDatapackSyncEvent","net.minecraftforge.fml.event.lifecycle.InterModEnqueueEvent":"net.minecraftforge.fml.event.lifecycle.InterModEnqueueEvent","net.minecraftforge.client.event.InputEvent$MouseButton$Pre":"net.minecraftforge.client.event.InputEvent$MouseButton$Pre","net.minecraftforge.event.entity.EntityEvent$EntityConstructing":"net.minecraftforge.event.entity.EntityEvent$EntityConstructing","net.minecraftforge.client.event.ScreenEvent$Init$Post":"net.minecraftforge.client.event.ScreenEvent$Init$Post","net.minecraftforge.client.event.RenderArmEvent":"net.minecraftforge.client.event.RenderArmEvent","me.desht.pneumaticcraft.api.drone.SpecialVariableRetrievalEvent$CoordinateVariable$Drone":"me.desht.pneumaticcraft.api.drone.SpecialVariableRetrievalEvent$CoordinateVariable$Drone","dev.shadowsoffire.placebo.events.GetEnchantmentLevelEvent":"dev.shadowsoffire.placebo.events.GetEnchantmentLevelEvent","net.minecraftforge.event.entity.player.CriticalHitEvent":"net.minecraftforge.event.entity.player.CriticalHitEvent","net.minecraftforge.event.level.ChunkEvent$Load":"net.minecraftforge.event.level.ChunkEvent$Load","net.minecraftforge.event.level.BlockEvent$PortalSpawnEvent":"net.minecraftforge.event.level.BlockEvent$PortalSpawnEvent","net.minecraftforge.event.entity.living.AnimalTameEvent":"net.minecraftforge.event.entity.living.AnimalTameEvent","net.minecraftforge.client.event.RenderPlayerEvent$Post":"net.minecraftforge.client.event.RenderPlayerEvent$Post","net.minecraftforge.event.entity.player.PlayerInteractEvent$EntityInteract":"net.minecraftforge.event.entity.player.PlayerInteractEvent$EntityInteract","mekanism.common.content.network.BoxedChemicalNetwork$ChemicalTransferEvent":"mekanism.common.content.network.BoxedChemicalNetwork$ChemicalTransferEvent","net.minecraftforge.event.level.BlockEvent$BlockToolModificationEvent":"net.minecraftforge.event.level.BlockEvent$BlockToolModificationEvent","net.minecraftforge.client.event.RecipesUpdatedEvent":"net.minecraftforge.client.event.RecipesUpdatedEvent","net.minecraftforge.event.entity.living.LivingUseTotemEvent":"net.minecraftforge.event.entity.living.LivingUseTotemEvent","net.minecraftforge.event.entity.item.ItemExpireEvent":"net.minecraftforge.event.entity.item.ItemExpireEvent","net.minecraftforge.event.level.ExplosionEvent$Start":"net.minecraftforge.event.level.ExplosionEvent$Start","net.minecraftforge.client.event.RegisterRecipeBookCategoriesEvent":"net.minecraftforge.client.event.RegisterRecipeBookCategoriesEvent","net.minecraftforge.event.entity.player.PlayerSleepInBedEvent":"net.minecraftforge.event.entity.player.PlayerSleepInBedEvent","net.minecraftforge.event.entity.living.LivingExperienceDropEvent":"net.minecraftforge.event.entity.living.LivingExperienceDropEvent","net.minecraftforge.client.event.ScreenEvent$KeyReleased$Post":"net.minecraftforge.client.event.ScreenEvent$KeyReleased$Post","com.jozufozu.flywheel.event.RenderLayerEvent":"com.jozufozu.flywheel.event.RenderLayerEvent","net.minecraftforge.event.TickEvent$PlayerTickEvent":"net.minecraftforge.event.TickEvent$PlayerTickEvent","net.minecraftforge.client.event.ScreenEvent$CharacterTyped$Post":"net.minecraftforge.client.event.ScreenEvent$CharacterTyped$Post","dev.shadowsoffire.placebo.events.AnvilLandEvent":"dev.shadowsoffire.placebo.events.AnvilLandEvent","dev.shadowsoffire.apotheosis.Apotheosis$ApotheosisCommandEvent":"dev.shadowsoffire.apotheosis.Apotheosis$ApotheosisCommandEvent","net.minecraftforge.event.entity.player.PlayerEvent$ItemPickupEvent":"net.minecraftforge.event.entity.player.PlayerEvent$ItemPickupEvent","net.minecraftforge.event.brewing.PotionBrewEvent":"net.minecraftforge.event.brewing.PotionBrewEvent","net.minecraftforge.client.event.ViewportEvent":"net.minecraftforge.client.event.ViewportEvent","net.minecraftforge.event.entity.living.LivingEntityUseItemEvent$Stop":"net.minecraftforge.event.entity.living.LivingEntityUseItemEvent$Stop","net.minecraftforge.network.NetworkEvent$ServerCustomPayloadEvent":"net.minecraftforge.network.NetworkEvent$ServerCustomPayloadEvent","net.minecraftforge.event.level.LevelEvent$Save":"net.minecraftforge.event.level.LevelEvent$Save","net.minecraftforge.client.event.RenderBlockScreenEffectEvent":"net.minecraftforge.client.event.RenderBlockScreenEffectEvent","org.cyclops.integrateddynamics.core.event.IntegratedDynamicsSetupEvent":"org.cyclops.integrateddynamics.core.event.IntegratedDynamicsSetupEvent","net.minecraftforge.client.event.ScreenEvent$Init":"net.minecraftforge.client.event.ScreenEvent$Init","net.blay09.mods.balm.api.event.client.screen.ScreenKeyEvent$Press":"net.blay09.mods.balm.api.event.client.screen.ScreenKeyEvent$Press","net.minecraftforge.client.event.RenderTooltipEvent":"net.minecraftforge.client.event.RenderTooltipEvent","mekanism.common.content.network.EnergyNetwork$EnergyTransferEvent":"mekanism.common.content.network.EnergyNetwork$EnergyTransferEvent","net.minecraftforge.event.AddPackFindersEvent":"net.minecraftforge.event.AddPackFindersEvent","net.minecraftforge.event.entity.living.LivingEntityUseItemEvent":"net.minecraftforge.event.entity.living.LivingEntityUseItemEvent","net.minecraftforge.data.event.GatherDataEvent":"net.minecraftforge.data.event.GatherDataEvent","at.ridgo8.moreoverlays.api.lightoverlay.LightOverlayReloadHandlerEvent":"at.ridgo8.moreoverlays.api.lightoverlay.LightOverlayReloadHandlerEvent","net.minecraftforge.client.event.RegisterColorHandlersEvent$Block":"net.minecraftforge.client.event.RegisterColorHandlersEvent$Block","net.minecraftforge.event.entity.player.PlayerEvent$ItemSmeltedEvent":"net.minecraftforge.event.entity.player.PlayerEvent$ItemSmeltedEvent","net.minecraftforge.event.brewing.PotionBrewEvent$Post":"net.minecraftforge.event.brewing.PotionBrewEvent$Post","me.desht.pneumaticcraft.api.drone.DroneSuicideEvent":"me.desht.pneumaticcraft.api.drone.DroneSuicideEvent","net.minecraftforge.client.event.ScreenEvent$CharacterTyped$Pre":"net.minecraftforge.client.event.ScreenEvent$CharacterTyped$Pre","net.minecraftforge.event.entity.EntityLeaveLevelEvent":"net.minecraftforge.event.entity.EntityLeaveLevelEvent","net.minecraftforge.client.event.ScreenEvent$CharacterTyped":"net.minecraftforge.client.event.ScreenEvent$CharacterTyped","net.minecraftforge.client.event.ViewportEvent$ComputeCameraAngles":"net.minecraftforge.client.event.ViewportEvent$ComputeCameraAngles","net.minecraftforge.event.entity.player.PlayerInteractEvent$RightClickEmpty":"net.minecraftforge.event.entity.player.PlayerInteractEvent$RightClickEmpty","net.blay09.mods.balm.api.event.client.screen.ScreenKeyEvent":"net.blay09.mods.balm.api.event.client.screen.ScreenKeyEvent","net.blay09.mods.balm.api.event.client.screen.ScreenMouseEvent$Click":"net.blay09.mods.balm.api.event.client.screen.ScreenMouseEvent$Click","org.cyclops.integrateddynamics.core.part.event.PartWriterAspectEvent":"org.cyclops.integrateddynamics.core.part.event.PartWriterAspectEvent","net.minecraftforge.registries.MissingMappingsEvent":"net.minecraftforge.registries.MissingMappingsEvent","net.minecraftforge.client.event.ScreenEvent$MouseButtonPressed$Post":"net.minecraftforge.client.event.ScreenEvent$MouseButtonPressed$Post","plus.dragons.createdragonlib.init.FillCreateItemGroupEvent":"plus.dragons.createdragonlib.init.FillCreateItemGroupEvent","net.minecraftforge.client.event.RenderGuiEvent$Post":"net.minecraftforge.client.event.RenderGuiEvent$Post","net.minecraftforge.client.event.RegisterGuiOverlaysEvent":"net.minecraftforge.client.event.RegisterGuiOverlaysEvent","net.darkhax.gamestages.event.GameStageEvent":"net.darkhax.gamestages.event.GameStageEvent","net.minecraftforge.client.event.ScreenEvent$Closing":"net.minecraftforge.client.event.ScreenEvent$Closing","net.minecraftforge.event.AddReloadListenerEvent":"net.minecraftforge.event.AddReloadListenerEvent","net.minecraftforge.event.entity.EntityJoinLevelEvent":"net.minecraftforge.event.entity.EntityJoinLevelEvent","net.minecraftforge.event.level.LevelEvent":"net.minecraftforge.event.level.LevelEvent","net.minecraftforge.client.event.RenderHandEvent":"net.minecraftforge.client.event.RenderHandEvent","org.cyclops.integratedterminals.api.terminalstorage.event.TerminalStorageScreenSizeEvent":"org.cyclops.integratedterminals.api.terminalstorage.event.TerminalStorageScreenSizeEvent","net.minecraftforge.event.entity.player.FillBucketEvent":"net.minecraftforge.event.entity.player.FillBucketEvent","net.minecraftforge.event.entity.player.BonemealEvent":"net.minecraftforge.event.entity.player.BonemealEvent","org.cyclops.integrateddynamics.core.part.event.PartVariableDrivenVariableContentsUpdatedEvent":"org.cyclops.integrateddynamics.core.part.event.PartVariableDrivenVariableContentsUpdatedEvent","net.minecraftforge.client.event.RenderLivingEvent$Pre":"net.minecraftforge.client.event.RenderLivingEvent$Pre","net.minecraftforge.event.entity.living.LivingConversionEvent":"net.minecraftforge.event.entity.living.LivingConversionEvent","net.minecraftforge.event.server.ServerStartedEvent":"net.minecraftforge.event.server.ServerStartedEvent","net.minecraftforge.client.event.ContainerScreenEvent":"net.minecraftforge.client.event.ContainerScreenEvent","me.desht.pneumaticcraft.api.drone.AmadronRetrievalEvent":"me.desht.pneumaticcraft.api.drone.AmadronRetrievalEvent","net.minecraftforge.client.event.ScreenEvent":"net.minecraftforge.client.event.ScreenEvent","org.cyclops.integrateddynamics.core.logicprogrammer.event.LogicProgrammerVariableFacadeCreatedEvent":"org.cyclops.integrateddynamics.core.logicprogrammer.event.LogicProgrammerVariableFacadeCreatedEvent","net.minecraftforge.common.capabilities.RegisterCapabilitiesEvent":"net.minecraftforge.common.capabilities.RegisterCapabilitiesEvent","net.minecraftforge.client.event.ViewportEvent$ComputeFogColor":"net.minecraftforge.client.event.ViewportEvent$ComputeFogColor","net.minecraftforge.client.event.ScreenEvent$MouseDragged$Pre":"net.minecraftforge.client.event.ScreenEvent$MouseDragged$Pre","dev.shadowsoffire.placebo.registry.RegistryEvent$Register":"dev.shadowsoffire.placebo.registry.RegistryEvent$Register","net.minecraftforge.event.DifficultyChangeEvent":"net.minecraftforge.event.DifficultyChangeEvent","net.minecraftforge.event.level.ChunkDataEvent":"net.minecraftforge.event.level.ChunkDataEvent","me.desht.pneumaticcraft.api.drone.SpecialVariableRetrievalEvent":"me.desht.pneumaticcraft.api.drone.SpecialVariableRetrievalEvent","me.desht.pneumaticcraft.api.drone.SpecialVariableRetrievalEvent$CoordinateVariable":"me.desht.pneumaticcraft.api.drone.SpecialVariableRetrievalEvent$CoordinateVariable","net.minecraftforge.client.event.ScreenEvent$MouseButtonPressed":"net.minecraftforge.client.event.ScreenEvent$MouseButtonPressed","dev.shadowsoffire.placebo.registry.RegistryEvent":"dev.shadowsoffire.placebo.registry.RegistryEvent","net.minecraftforge.client.event.ScreenEvent$KeyPressed$Pre":"net.minecraftforge.client.event.ScreenEvent$KeyPressed$Pre","net.minecraftforge.client.event.ClientChatEvent":"net.minecraftforge.client.event.ClientChatEvent","net.minecraftforge.client.event.InputEvent$Key":"net.minecraftforge.client.event.InputEvent$Key","net.minecraftforge.event.entity.living.LivingEntityUseItemEvent$Finish":"net.minecraftforge.event.entity.living.LivingEntityUseItemEvent$Finish","net.minecraftforge.fml.event.lifecycle.FMLDedicatedServerSetupEvent":"net.minecraftforge.fml.event.lifecycle.FMLDedicatedServerSetupEvent","net.minecraftforge.event.entity.player.PlayerDestroyItemEvent":"net.minecraftforge.event.entity.player.PlayerDestroyItemEvent","net.minecraftforge.event.level.PistonEvent$Post":"net.minecraftforge.event.level.PistonEvent$Post","de.keksuccino.konkrete.events.ScreenKeyReleasedEvent":"de.keksuccino.konkrete.events.ScreenKeyReleasedEvent","net.minecraftforge.event.level.BlockEvent$EntityPlaceEvent":"net.minecraftforge.event.level.BlockEvent$EntityPlaceEvent","net.minecraftforge.client.event.EntityRenderersEvent$RegisterLayerDefinitions":"net.minecraftforge.client.event.EntityRenderersEvent$RegisterLayerDefinitions","net.minecraftforge.event.entity.player.PlayerSetSpawnEvent":"net.minecraftforge.event.entity.player.PlayerSetSpawnEvent","net.minecraftforge.event.entity.living.LivingDestroyBlockEvent":"net.minecraftforge.event.entity.living.LivingDestroyBlockEvent","dev.shadowsoffire.attributeslib.api.AttributeChangedValueEvent":"dev.shadowsoffire.attributeslib.api.AttributeChangedValueEvent","org.cyclops.integrateddynamics.core.part.event.PartAspectEvent":"org.cyclops.integrateddynamics.core.part.event.PartAspectEvent","net.minecraftforge.event.entity.player.TradeWithVillagerEvent":"net.minecraftforge.event.entity.player.TradeWithVillagerEvent","net.minecraftforge.event.entity.EntityEvent$Size":"net.minecraftforge.event.entity.EntityEvent$Size","net.minecraftforge.event.TickEvent$RenderTickEvent":"net.minecraftforge.event.TickEvent$RenderTickEvent","com.simibubi.create.api.event.PipeCollisionEvent$Spill":"com.simibubi.create.api.event.PipeCollisionEvent$Spill","net.minecraftforge.event.level.ChunkEvent$Unload":"net.minecraftforge.event.level.ChunkEvent$Unload","net.minecraftforge.event.entity.player.AttackEntityEvent":"net.minecraftforge.event.entity.player.AttackEntityEvent","ovh.corail.tombstone.api.event.PhantomSpawnerEvent":"ovh.corail.tombstone.api.event.PhantomSpawnerEvent","net.minecraftforge.event.level.BlockEvent$FluidPlaceBlockEvent":"net.minecraftforge.event.level.BlockEvent$FluidPlaceBlockEvent","net.minecraftforge.event.entity.player.PlayerWakeUpEvent":"net.minecraftforge.event.entity.player.PlayerWakeUpEvent","net.minecraftforge.network.NetworkEvent$ClientCustomPayloadEvent":"net.minecraftforge.network.NetworkEvent$ClientCustomPayloadEvent","net.minecraftforge.event.entity.player.AdvancementEvent":"net.minecraftforge.event.entity.player.AdvancementEvent","net.minecraftforge.event.entity.player.PlayerInteractEvent$RightClickBlock":"net.minecraftforge.event.entity.player.PlayerInteractEvent$RightClickBlock","net.minecraftforge.client.event.InputEvent$InteractionKeyMappingTriggered":"net.minecraftforge.client.event.InputEvent$InteractionKeyMappingTriggered","net.minecraftforge.event.entity.player.PlayerContainerEvent$Open":"net.minecraftforge.event.entity.player.PlayerContainerEvent$Open","net.minecraftforge.event.entity.living.LivingAttackEvent":"net.minecraftforge.event.entity.living.LivingAttackEvent","net.minecraftforge.client.event.ScreenEvent$MouseDragged$Post":"net.minecraftforge.client.event.ScreenEvent$MouseDragged$Post","net.minecraftforge.event.entity.SpawnPlacementRegisterEvent":"net.minecraftforge.event.entity.SpawnPlacementRegisterEvent","net.minecraftforge.client.event.RegisterClientReloadListenersEvent":"net.minecraftforge.client.event.RegisterClientReloadListenersEvent","net.minecraftforge.event.entity.living.LivingConversionEvent$Pre":"net.minecraftforge.event.entity.living.LivingConversionEvent$Pre","ovh.corail.tombstone.api.event.PhantomSpawnerEvent$TimeForCheck":"ovh.corail.tombstone.api.event.PhantomSpawnerEvent$TimeForCheck","net.minecraftforge.event.entity.living.LootingLevelEvent":"net.minecraftforge.event.entity.living.LootingLevelEvent","net.minecraftforge.client.event.ContainerScreenEvent$Render$Foreground":"net.minecraftforge.client.event.ContainerScreenEvent$Render$Foreground","net.minecraftforge.event.entity.player.PlayerFlyableFallEvent":"net.minecraftforge.event.entity.player.PlayerFlyableFallEvent","net.minecraftforge.client.event.TextureStitchEvent$Post":"net.minecraftforge.client.event.TextureStitchEvent$Post","net.minecraftforge.client.event.RegisterNamedRenderTypesEvent":"net.minecraftforge.client.event.RegisterNamedRenderTypesEvent","net.minecraftforge.client.event.ScreenEvent$MouseButtonReleased$Pre":"net.minecraftforge.client.event.ScreenEvent$MouseButtonReleased$Pre","net.minecraftforge.event.level.PistonEvent":"net.minecraftforge.event.level.PistonEvent","net.minecraftforge.client.event.EntityRenderersEvent$RegisterRenderers":"net.minecraftforge.client.event.EntityRenderersEvent$RegisterRenderers","net.minecraftforge.event.LootTableLoadEvent":"net.minecraftforge.event.LootTableLoadEvent","net.minecraftforge.event.entity.living.LivingEvent":"net.minecraftforge.event.entity.living.LivingEvent","net.minecraftforge.client.event.sound.SoundEngineLoadEvent":"net.minecraftforge.client.event.sound.SoundEngineLoadEvent","net.minecraftforge.client.event.RegisterEntitySpectatorShadersEvent":"net.minecraftforge.client.event.RegisterEntitySpectatorShadersEvent","net.minecraftforge.event.level.BlockEvent$CreateFluidSourceEvent":"net.minecraftforge.event.level.BlockEvent$CreateFluidSourceEvent","net.minecraftforge.event.entity.living.LivingEquipmentChangeEvent":"net.minecraftforge.event.entity.living.LivingEquipmentChangeEvent","net.minecraftforge.event.enchanting.EnchantmentLevelSetEvent":"net.minecraftforge.event.enchanting.EnchantmentLevelSetEvent","net.minecraftforge.event.level.SleepFinishedTimeEvent":"net.minecraftforge.event.level.SleepFinishedTimeEvent","net.minecraftforge.event.server.ServerStartingEvent":"net.minecraftforge.event.server.ServerStartingEvent","net.minecraftforge.client.event.sound.SoundEvent$SoundSourceEvent":"net.minecraftforge.client.event.sound.SoundEvent$SoundSourceEvent","net.minecraftforge.event.level.LevelEvent$Unload":"net.minecraftforge.event.level.LevelEvent$Unload","net.minecraftforge.client.event.RegisterParticleProvidersEvent":"net.minecraftforge.client.event.RegisterParticleProvidersEvent","net.minecraftforge.fml.event.lifecycle.FMLCommonSetupEvent":"net.minecraftforge.fml.event.lifecycle.FMLCommonSetupEvent","net.minecraftforge.event.entity.player.PlayerInteractEvent$EntityInteractSpecific":"net.minecraftforge.event.entity.player.PlayerInteractEvent$EntityInteractSpecific","net.minecraftforge.client.event.CustomizeGuiOverlayEvent":"net.minecraftforge.client.event.CustomizeGuiOverlayEvent","net.minecraftforge.client.event.RenderTooltipEvent$Color":"net.minecraftforge.client.event.RenderTooltipEvent$Color","net.minecraftforge.event.entity.living.EnderManAngerEvent":"net.minecraftforge.event.entity.living.EnderManAngerEvent","net.minecraftforge.event.entity.living.MobEffectEvent$Expired":"net.minecraftforge.event.entity.living.MobEffectEvent$Expired","com.simibubi.create.api.event.PipeCollisionEvent$Flow":"com.simibubi.create.api.event.PipeCollisionEvent$Flow","net.minecraftforge.client.event.sound.SoundEvent":"net.minecraftforge.client.event.sound.SoundEvent","net.minecraftforge.client.event.ScreenEvent$KeyPressed":"net.minecraftforge.client.event.ScreenEvent$KeyPressed","net.minecraftforge.event.AnvilUpdateEvent":"net.minecraftforge.event.AnvilUpdateEvent","net.minecraftforge.event.level.ChunkWatchEvent":"net.minecraftforge.event.level.ChunkWatchEvent","net.minecraftforge.fml.event.lifecycle.FMLConstructModEvent":"net.minecraftforge.fml.event.lifecycle.FMLConstructModEvent","net.minecraftforge.event.TickEvent":"net.minecraftforge.event.TickEvent","net.minecraftforge.event.entity.EntityEvent$EnteringSection":"net.minecraftforge.event.entity.EntityEvent$EnteringSection","net.minecraftforge.event.AttachCapabilitiesEvent":"net.minecraftforge.event.AttachCapabilitiesEvent","net.minecraftforge.event.ItemAttributeModifierEvent":"net.minecraftforge.event.ItemAttributeModifierEvent","net.minecraftforge.event.entity.living.LivingHurtEvent":"net.minecraftforge.event.entity.living.LivingHurtEvent","net.minecraftforge.client.event.RenderHighlightEvent$Block":"net.minecraftforge.client.event.RenderHighlightEvent$Block","net.minecraftforge.event.level.BlockEvent":"net.minecraftforge.event.level.BlockEvent","net.minecraftforge.event.entity.living.MobEffectEvent$Remove":"net.minecraftforge.event.entity.living.MobEffectEvent$Remove","net.minecraftforge.fml.event.config.ModConfigEvent":"net.minecraftforge.fml.event.config.ModConfigEvent","net.blay09.mods.balm.api.event.client.screen.ScreenDrawEvent":"net.blay09.mods.balm.api.event.client.screen.ScreenDrawEvent","org.cyclops.integratedterminals.api.terminalstorage.event.TerminalStorageTabClientSearchFieldUpdateEvent":"org.cyclops.integratedterminals.api.terminalstorage.event.TerminalStorageTabClientSearchFieldUpdateEvent","net.minecraftforge.client.event.ModelEvent":"net.minecraftforge.client.event.ModelEvent","net.minecraftforge.event.entity.player.PlayerEvent$HarvestCheck":"net.minecraftforge.event.entity.player.PlayerEvent$HarvestCheck","net.minecraftforge.client.event.ScreenEvent$KeyPressed$Post":"net.minecraftforge.client.event.ScreenEvent$KeyPressed$Post","net.minecraftforge.client.event.RenderGuiOverlayEvent":"net.minecraftforge.client.event.RenderGuiOverlayEvent","net.minecraftforge.event.entity.player.PlayerEvent$PlayerChangeGameModeEvent":"net.minecraftforge.event.entity.player.PlayerEvent$PlayerChangeGameModeEvent","net.minecraftforge.event.entity.living.LivingEntityUseItemEvent$Tick":"net.minecraftforge.event.entity.living.LivingEntityUseItemEvent$Tick","net.minecraftforge.event.entity.EntityTeleportEvent$EnderEntity":"net.minecraftforge.event.entity.EntityTeleportEvent$EnderEntity","net.darkhax.gamestages.event.GameStageEvent$Removed":"net.darkhax.gamestages.event.GameStageEvent$Removed","net.minecraftforge.event.brewing.PotionBrewEvent$Pre":"net.minecraftforge.event.brewing.PotionBrewEvent$Pre","dev.shadowsoffire.placebo.events.ItemUseEvent":"dev.shadowsoffire.placebo.events.ItemUseEvent","net.minecraftforge.event.entity.player.PlayerEvent$PlayerLoggedInEvent":"net.minecraftforge.event.entity.player.PlayerEvent$PlayerLoggedInEvent","net.minecraftforge.event.entity.living.LivingHealEvent":"net.minecraftforge.event.entity.living.LivingHealEvent","net.minecraftforge.client.event.ScreenEvent$KeyReleased":"net.minecraftforge.client.event.ScreenEvent$KeyReleased","org.cyclops.integrateddynamics.core.network.event.NetworkInitializedEvent":"org.cyclops.integrateddynamics.core.network.event.NetworkInitializedEvent","net.minecraftforge.client.event.RenderHighlightEvent":"net.minecraftforge.client.event.RenderHighlightEvent","net.minecraftforge.event.TagsUpdatedEvent":"net.minecraftforge.event.TagsUpdatedEvent","net.minecraftforge.event.level.BlockEvent$FarmlandTrampleEvent":"net.minecraftforge.event.level.BlockEvent$FarmlandTrampleEvent","net.minecraftforge.event.entity.player.ItemTooltipEvent":"net.minecraftforge.event.entity.player.ItemTooltipEvent","net.minecraftforge.event.level.BlockEvent$CropGrowEvent":"net.minecraftforge.event.level.BlockEvent$CropGrowEvent","net.minecraftforge.event.entity.item.ItemEvent":"net.minecraftforge.event.entity.item.ItemEvent","net.minecraftforge.fml.event.config.ModConfigEvent$Reloading":"net.minecraftforge.fml.event.config.ModConfigEvent$Reloading","org.cyclops.commoncapabilities.api.ingredient.capability.AttachCapabilitiesEventIngredientComponent":"org.cyclops.commoncapabilities.api.ingredient.capability.AttachCapabilitiesEventIngredientComponent","net.minecraftforge.event.entity.player.SleepingLocationCheckEvent":"net.minecraftforge.event.entity.player.SleepingLocationCheckEvent","net.minecraftforge.event.level.ChunkDataEvent$Save":"net.minecraftforge.event.level.ChunkDataEvent$Save","net.minecraftforge.client.event.ModelEvent$ModifyBakingResult":"net.minecraftforge.client.event.ModelEvent$ModifyBakingResult","net.minecraftforge.event.entity.player.ArrowLooseEvent":"net.minecraftforge.event.entity.player.ArrowLooseEvent","net.minecraftforge.event.entity.EntityMobGriefingEvent":"net.minecraftforge.event.entity.EntityMobGriefingEvent","net.minecraftforge.event.entity.player.PlayerXpEvent$LevelChange":"net.minecraftforge.event.entity.player.PlayerXpEvent$LevelChange","net.minecraftforge.fml.event.lifecycle.ParallelDispatchEvent":"net.minecraftforge.fml.event.lifecycle.ParallelDispatchEvent","net.minecraftforge.server.permission.events.PermissionGatherEvent":"net.minecraftforge.server.permission.events.PermissionGatherEvent","net.minecraftforge.eventbus.api.GenericEvent":"net.minecraftforge.eventbus.api.GenericEvent","net.darkhax.gamestages.event.StagesSyncedEvent":"net.darkhax.gamestages.event.StagesSyncedEvent","net.minecraftforge.client.event.RenderGuiOverlayEvent$Post":"net.minecraftforge.client.event.RenderGuiOverlayEvent$Post","net.blay09.mods.balm.api.event.BalmEvent":"net.blay09.mods.balm.api.event.BalmEvent","net.minecraftforge.event.GrindstoneEvent$OnTakeItem":"net.minecraftforge.event.GrindstoneEvent$OnTakeItem","net.minecraftforge.client.event.RegisterColorHandlersEvent":"net.minecraftforge.client.event.RegisterColorHandlersEvent","org.cyclops.integrateddynamics.api.network.AttachCapabilitiesEventNetwork":"org.cyclops.integrateddynamics.api.network.AttachCapabilitiesEventNetwork","net.minecraftforge.event.entity.player.ArrowNockEvent":"net.minecraftforge.event.entity.player.ArrowNockEvent","net.minecraftforge.client.event.ModelEvent$RegisterAdditional":"net.minecraftforge.client.event.ModelEvent$RegisterAdditional","net.minecraftforge.event.level.ExplosionEvent$Detonate":"net.minecraftforge.event.level.ExplosionEvent$Detonate","net.minecraftforge.event.entity.living.LivingDeathEvent":"net.minecraftforge.event.entity.living.LivingDeathEvent","net.minecraftforge.event.RegisterGameTestsEvent":"net.minecraftforge.event.RegisterGameTestsEvent","net.minecraftforge.event.entity.player.PlayerContainerEvent$Close":"net.minecraftforge.event.entity.player.PlayerContainerEvent$Close","dev.shadowsoffire.apotheosis.Apotheosis$ApotheosisReloadEvent":"dev.shadowsoffire.apotheosis.Apotheosis$ApotheosisReloadEvent","net.minecraftforge.event.entity.living.LivingDropsEvent":"net.minecraftforge.event.entity.living.LivingDropsEvent","net.minecraftforge.event.entity.EntityEvent":"net.minecraftforge.event.entity.EntityEvent","mekanism.common.lib.transmitter.DynamicBufferedNetwork$TransferEvent":"mekanism.common.lib.transmitter.DynamicBufferedNetwork$TransferEvent","net.minecraftforge.event.entity.EntityTeleportEvent$ChorusFruit":"net.minecraftforge.event.entity.EntityTeleportEvent$ChorusFruit","net.minecraftforge.event.entity.EntityTravelToDimensionEvent":"net.minecraftforge.event.entity.EntityTravelToDimensionEvent","net.minecraftforge.client.event.ScreenEvent$MouseScrolled":"net.minecraftforge.client.event.ScreenEvent$MouseScrolled","net.minecraftforge.client.event.ScreenEvent$MouseInput":"net.minecraftforge.client.event.ScreenEvent$MouseInput","net.minecraftforge.event.entity.player.AdvancementEvent$AdvancementEarnEvent":"net.minecraftforge.event.entity.player.AdvancementEvent$AdvancementEarnEvent","net.minecraftforge.client.event.ScreenEvent$KeyInput":"net.minecraftforge.client.event.ScreenEvent$KeyInput","com.jozufozu.flywheel.event.BeginFrameEvent":"com.jozufozu.flywheel.event.BeginFrameEvent","dev.shadowsoffire.attributeslib.api.client.GatherEffectScreenTooltipsEvent":"dev.shadowsoffire.attributeslib.api.client.GatherEffectScreenTooltipsEvent","net.minecraftforge.client.event.ScreenEvent$Render$Pre":"net.minecraftforge.client.event.ScreenEvent$Render$Pre","net.minecraftforge.event.entity.player.PlayerEvent$TabListNameFormat":"net.minecraftforge.event.entity.player.PlayerEvent$TabListNameFormat","net.minecraftforge.client.event.ContainerScreenEvent$Render":"net.minecraftforge.client.event.ContainerScreenEvent$Render","net.minecraftforge.client.event.EntityRenderersEvent$AddLayers":"net.minecraftforge.client.event.EntityRenderersEvent$AddLayers","net.minecraftforge.event.entity.player.PlayerEvent$StartTracking":"net.minecraftforge.event.entity.player.PlayerEvent$StartTracking","net.minecraftforge.event.PlayLevelSoundEvent":"net.minecraftforge.event.PlayLevelSoundEvent","net.minecraftforge.event.level.NoteBlockEvent":"net.minecraftforge.event.level.NoteBlockEvent","org.cyclops.integrateddynamics.core.logicprogrammer.event.LogicProgrammerEvent":"org.cyclops.integrateddynamics.core.logicprogrammer.event.LogicProgrammerEvent","dev.shadowsoffire.apotheosis.Apotheosis$ApotheosisConstruction":"dev.shadowsoffire.apotheosis.Apotheosis$ApotheosisConstruction","net.minecraftforge.client.event.ClientChatReceivedEvent":"net.minecraftforge.client.event.ClientChatReceivedEvent","net.minecraftforge.event.level.ExplosionEvent":"net.minecraftforge.event.level.ExplosionEvent","net.minecraftforge.client.event.RenderLevelStageEvent$RegisterStageEvent":"net.minecraftforge.client.event.RenderLevelStageEvent$RegisterStageEvent","dev.shadowsoffire.attributeslib.api.client.GatherSkippedAttributeTooltipsEvent":"dev.shadowsoffire.attributeslib.api.client.GatherSkippedAttributeTooltipsEvent","net.minecraftforge.client.event.EntityRenderersEvent":"net.minecraftforge.client.event.EntityRenderersEvent","net.minecraftforge.client.event.ScreenEvent$KeyReleased$Pre":"net.minecraftforge.client.event.ScreenEvent$KeyReleased$Pre","net.minecraftforge.event.entity.living.MobSpawnEvent":"net.minecraftforge.event.entity.living.MobSpawnEvent","net.minecraftforge.client.event.sound.PlaySoundEvent":"net.minecraftforge.client.event.sound.PlaySoundEvent","net.minecraftforge.client.event.RenderTooltipEvent$Pre":"net.minecraftforge.client.event.RenderTooltipEvent$Pre","net.minecraftforge.event.entity.living.LivingChangeTargetEvent":"net.minecraftforge.event.entity.living.LivingChangeTargetEvent","net.minecraftforge.event.level.ChunkDataEvent$Load":"net.minecraftforge.event.level.ChunkDataEvent$Load","net.minecraftforge.event.entity.EntityAttributeCreationEvent":"net.minecraftforge.event.entity.EntityAttributeCreationEvent","net.minecraftforge.event.CommandEvent":"net.minecraftforge.event.CommandEvent","net.minecraftforge.client.event.RenderLivingEvent$Post":"net.minecraftforge.client.event.RenderLivingEvent$Post","net.minecraftforge.event.TickEvent$ServerTickEvent":"net.minecraftforge.event.TickEvent$ServerTickEvent","net.darkhax.gamestages.event.GameStageEvent$Added":"net.darkhax.gamestages.event.GameStageEvent$Added","com.jozufozu.flywheel.event.GatherContextEvent":"com.jozufozu.flywheel.event.GatherContextEvent","net.minecraftforge.event.entity.living.ShieldBlockEvent":"net.minecraftforge.event.entity.living.ShieldBlockEvent","net.minecraftforge.event.TickEvent$LevelTickEvent":"net.minecraftforge.event.TickEvent$LevelTickEvent","net.minecraftforge.event.server.ServerStoppingEvent":"net.minecraftforge.event.server.ServerStoppingEvent","net.minecraftforge.client.event.RegisterColorHandlersEvent$Item":"net.minecraftforge.client.event.RegisterColorHandlersEvent$Item","net.minecraftforge.client.event.RegisterShadersEvent":"net.minecraftforge.client.event.RegisterShadersEvent","net.minecraftforge.event.entity.player.PlayerEvent$ItemCraftedEvent":"net.minecraftforge.event.entity.player.PlayerEvent$ItemCraftedEvent","net.minecraftforge.event.entity.player.PlayerEvent$PlayerChangedDimensionEvent":"net.minecraftforge.event.entity.player.PlayerEvent$PlayerChangedDimensionEvent","net.minecraftforge.event.entity.living.LivingFallEvent":"net.minecraftforge.event.entity.living.LivingFallEvent","net.minecraftforge.client.event.ClientPlayerNetworkEvent":"net.minecraftforge.client.event.ClientPlayerNetworkEvent","net.minecraftforge.event.entity.living.MobSpawnEvent$AllowDespawn":"net.minecraftforge.event.entity.living.MobSpawnEvent$AllowDespawn","net.minecraftforge.event.entity.player.PlayerXpEvent$XpChange":"net.minecraftforge.event.entity.player.PlayerXpEvent$XpChange","net.minecraftforge.client.event.ScreenEvent$MouseScrolled$Pre":"net.minecraftforge.client.event.ScreenEvent$MouseScrolled$Pre","de.keksuccino.konkrete.events.ScreenCharTypedEvent":"de.keksuccino.konkrete.events.ScreenCharTypedEvent","net.minecraftforge.event.entity.player.PlayerEvent$PlayerRespawnEvent":"net.minecraftforge.event.entity.player.PlayerEvent$PlayerRespawnEvent","net.minecraftforge.event.entity.EntityTeleportEvent":"net.minecraftforge.event.entity.EntityTeleportEvent","net.minecraftforge.client.event.ContainerScreenEvent$Render$Background":"net.minecraftforge.client.event.ContainerScreenEvent$Render$Background","net.minecraftforge.event.entity.ProjectileImpactEvent":"net.minecraftforge.event.entity.ProjectileImpactEvent","net.minecraftforge.client.event.RegisterClientTooltipComponentFactoriesEvent":"net.minecraftforge.client.event.RegisterClientTooltipComponentFactoriesEvent","net.minecraftforge.event.furnace.FurnaceFuelBurnTimeEvent":"net.minecraftforge.event.furnace.FurnaceFuelBurnTimeEvent","net.minecraftforge.event.entity.player.AnvilRepairEvent":"net.minecraftforge.event.entity.player.AnvilRepairEvent","mekanism.common.content.network.FluidNetwork$FluidTransferEvent":"mekanism.common.content.network.FluidNetwork$FluidTransferEvent","net.minecraftforge.client.event.ScreenEvent$MouseDragged":"net.minecraftforge.client.event.ScreenEvent$MouseDragged","net.minecraftforge.client.event.InputEvent$MouseButton$Post":"net.minecraftforge.client.event.InputEvent$MouseButton$Post","net.minecraftforge.client.event.ScreenEvent$MouseScrolled$Post":"net.minecraftforge.client.event.ScreenEvent$MouseScrolled$Post","net.minecraftforge.event.entity.player.PlayerEvent":"net.minecraftforge.event.entity.player.PlayerEvent","net.minecraftforge.fml.event.lifecycle.InterModProcessEvent":"net.minecraftforge.fml.event.lifecycle.InterModProcessEvent","net.minecraftforge.event.entity.living.LivingConversionEvent$Post":"net.minecraftforge.event.entity.living.LivingConversionEvent$Post","net.minecraftforge.event.entity.player.ItemFishedEvent":"net.minecraftforge.event.entity.player.ItemFishedEvent","me.desht.pneumaticcraft.api.client.pneumatic_helmet.InventoryTrackEvent":"me.desht.pneumaticcraft.api.client.pneumatic_helmet.InventoryTrackEvent","net.minecraftforge.event.ServerChatEvent":"net.minecraftforge.event.ServerChatEvent","net.minecraftforge.fml.event.lifecycle.ModLifecycleEvent":"net.minecraftforge.fml.event.lifecycle.ModLifecycleEvent","net.minecraftforge.event.level.BlockEvent$NeighborNotifyEvent":"net.minecraftforge.event.level.BlockEvent$NeighborNotifyEvent","net.minecraftforge.event.entity.living.MobSpawnEvent$FinalizeSpawn":"net.minecraftforge.event.entity.living.MobSpawnEvent$FinalizeSpawn","net.minecraftforge.client.event.ModelEvent$RegisterGeometryLoaders":"net.minecraftforge.client.event.ModelEvent$RegisterGeometryLoaders","net.minecraftforge.event.entity.living.MobEffectEvent$Applicable":"net.minecraftforge.event.entity.living.MobEffectEvent$Applicable","net.minecraftforge.event.entity.living.LivingEntityUseItemEvent$Start":"net.minecraftforge.event.entity.living.LivingEntityUseItemEvent$Start","net.minecraftforge.registries.RegisterEvent":"net.minecraftforge.registries.RegisterEvent","net.minecraftforge.event.level.PistonEvent$Pre":"net.minecraftforge.event.level.PistonEvent$Pre","net.minecraftforge.client.event.InputEvent":"net.minecraftforge.client.event.InputEvent","net.minecraftforge.client.event.RenderPlayerEvent":"net.minecraftforge.client.event.RenderPlayerEvent","net.minecraftforge.client.event.RegisterItemDecorationsEvent":"net.minecraftforge.client.event.RegisterItemDecorationsEvent","net.minecraftforge.client.event.RegisterClientCommandsEvent":"net.minecraftforge.client.event.RegisterClientCommandsEvent","org.cyclops.integrateddynamics.core.part.event.PartEvent":"org.cyclops.integrateddynamics.core.part.event.PartEvent","net.blay09.mods.balm.api.event.client.screen.ScreenMouseEvent$Release":"net.blay09.mods.balm.api.event.client.screen.ScreenMouseEvent$Release","net.minecraftforge.event.entity.item.ItemTossEvent":"net.minecraftforge.event.entity.item.ItemTossEvent","net.minecraftforge.registries.NewRegistryEvent":"net.minecraftforge.registries.NewRegistryEvent","net.minecraftforge.client.event.ComputeFovModifierEvent":"net.minecraftforge.client.event.ComputeFovModifierEvent","net.minecraftforge.client.event.CustomizeGuiOverlayEvent$DebugText":"net.minecraftforge.client.event.CustomizeGuiOverlayEvent$DebugText","net.minecraftforge.event.entity.player.PlayerInteractEvent":"net.minecraftforge.event.entity.player.PlayerInteractEvent","net.minecraftforge.event.entity.player.PlayerEvent$PlayerLoggedOutEvent":"net.minecraftforge.event.entity.player.PlayerEvent$PlayerLoggedOutEvent","net.minecraftforge.event.server.ServerAboutToStartEvent":"net.minecraftforge.event.server.ServerAboutToStartEvent","net.minecraftforge.client.event.RenderGuiOverlayEvent$Pre":"net.minecraftforge.client.event.RenderGuiOverlayEvent$Pre","net.minecraftforge.client.event.ScreenEvent$Opening":"net.minecraftforge.client.event.ScreenEvent$Opening","de.keksuccino.konkrete.events.ScreenMouseClickedEvent":"de.keksuccino.konkrete.events.ScreenMouseClickedEvent","com.simibubi.create.api.event.PipeCollisionEvent":"com.simibubi.create.api.event.PipeCollisionEvent","net.minecraftforge.network.NetworkEvent$GatherLoginPayloadsEvent":"net.minecraftforge.network.NetworkEvent$GatherLoginPayloadsEvent","net.minecraftforge.event.village.WandererTradesEvent":"net.minecraftforge.event.village.WandererTradesEvent","net.minecraftforge.event.level.ChunkEvent":"net.minecraftforge.event.level.ChunkEvent","net.minecraftforge.event.entity.player.PlayerInteractEvent$LeftClickEmpty":"net.minecraftforge.event.entity.player.PlayerInteractEvent$LeftClickEmpty","net.minecraftforge.event.entity.living.MobEffectEvent":"net.minecraftforge.event.entity.living.MobEffectEvent","net.minecraftforge.client.event.ModelEvent$BakingCompleted":"net.minecraftforge.client.event.ModelEvent$BakingCompleted","net.minecraftforge.event.server.ServerStoppedEvent":"net.minecraftforge.event.server.ServerStoppedEvent","net.minecraftforge.event.entity.EntityAttributeModificationEvent":"net.minecraftforge.event.entity.EntityAttributeModificationEvent","net.minecraftforge.client.event.ScreenEvent$Init$Pre":"net.minecraftforge.client.event.ScreenEvent$Init$Pre","com.enderio.base.common.event.EIOChestLootEvent":"com.enderio.base.common.event.EIOChestLootEvent","net.minecraftforge.event.GrindstoneEvent":"net.minecraftforge.event.GrindstoneEvent","net.minecraftforge.client.event.RenderNameTagEvent":"net.minecraftforge.client.event.RenderNameTagEvent","net.minecraftforge.fml.event.lifecycle.FMLClientSetupEvent":"net.minecraftforge.fml.event.lifecycle.FMLClientSetupEvent","net.minecraftforge.client.event.MovementInputUpdateEvent":"net.minecraftforge.client.event.MovementInputUpdateEvent","net.minecraftforge.event.entity.EntityTeleportEvent$SpreadPlayersCommand":"net.minecraftforge.event.entity.EntityTeleportEvent$SpreadPlayersCommand","net.minecraftforge.client.event.RenderLevelStageEvent":"net.minecraftforge.client.event.RenderLevelStageEvent","net.minecraftforge.client.event.ClientPlayerNetworkEvent$LoggingIn":"net.minecraftforge.client.event.ClientPlayerNetworkEvent$LoggingIn","net.minecraftforge.server.permission.events.PermissionGatherEvent$Nodes":"net.minecraftforge.server.permission.events.PermissionGatherEvent$Nodes","net.minecraftforge.event.GrindstoneEvent$OnPlaceItem":"net.minecraftforge.event.GrindstoneEvent$OnPlaceItem","net.minecraftforge.event.level.BlockEvent$CropGrowEvent$Pre":"net.minecraftforge.event.level.BlockEvent$CropGrowEvent$Pre","net.minecraftforge.event.entity.player.PlayerXpEvent$PickupXp":"net.minecraftforge.event.entity.player.PlayerXpEvent$PickupXp","net.minecraftforge.event.entity.living.LivingEvent$LivingJumpEvent":"net.minecraftforge.event.entity.living.LivingEvent$LivingJumpEvent","net.minecraftforge.registries.DataPackRegistryEvent$NewRegistry":"net.minecraftforge.registries.DataPackRegistryEvent$NewRegistry","net.minecraftforge.event.entity.player.PlayerEvent$Clone":"net.minecraftforge.event.entity.player.PlayerEvent$Clone","net.minecraftforge.event.entity.living.LivingKnockBackEvent":"net.minecraftforge.event.entity.living.LivingKnockBackEvent","net.minecraftforge.client.event.InputEvent$MouseButton":"net.minecraftforge.client.event.InputEvent$MouseButton","net.minecraftforge.event.level.NoteBlockEvent$Play":"net.minecraftforge.event.level.NoteBlockEvent$Play","net.minecraftforge.event.entity.player.PlayerEvent$NameFormat":"net.minecraftforge.event.entity.player.PlayerEvent$NameFormat","net.minecraftforge.event.entity.EntityTeleportEvent$EnderPearl":"net.minecraftforge.event.entity.EntityTeleportEvent$EnderPearl","org.cyclops.integrateddynamics.core.part.event.PartReaderAspectEvent":"org.cyclops.integrateddynamics.core.part.event.PartReaderAspectEvent","net.minecraftforge.event.level.LevelEvent$Load":"net.minecraftforge.event.level.LevelEvent$Load","net.minecraftforge.event.server.ServerLifecycleEvent":"net.minecraftforge.event.server.ServerLifecycleEvent","net.minecraftforge.event.TickEvent$ClientTickEvent":"net.minecraftforge.event.TickEvent$ClientTickEvent","net.minecraftforge.event.level.ChunkWatchEvent$Watch":"net.minecraftforge.event.level.ChunkWatchEvent$Watch","dev.shadowsoffire.attributeslib.api.client.AddAttributeTooltipsEvent":"dev.shadowsoffire.attributeslib.api.client.AddAttributeTooltipsEvent","net.minecraftforge.client.event.RegisterKeyMappingsEvent":"net.minecraftforge.client.event.RegisterKeyMappingsEvent","com.jozufozu.flywheel.event.ReloadRenderersEvent":"com.jozufozu.flywheel.event.ReloadRenderersEvent","net.minecraftforge.event.entity.EntityMountEvent":"net.minecraftforge.event.entity.EntityMountEvent","net.blay09.mods.balm.api.event.client.screen.ScreenInitEvent":"net.blay09.mods.balm.api.event.client.screen.ScreenInitEvent","net.darkhax.gamestages.event.GameStageEvent$Cleared":"net.darkhax.gamestages.event.GameStageEvent$Cleared","net.minecraftforge.client.event.TextureStitchEvent":"net.minecraftforge.client.event.TextureStitchEvent","net.minecraftforge.client.event.ScreenEvent$MouseButtonReleased":"net.minecraftforge.client.event.ScreenEvent$MouseButtonReleased","net.minecraftforge.client.event.ClientPlayerNetworkEvent$LoggingOut":"net.minecraftforge.client.event.ClientPlayerNetworkEvent$LoggingOut","net.minecraftforge.event.entity.player.SleepingTimeCheckEvent":"net.minecraftforge.event.entity.player.SleepingTimeCheckEvent","net.minecraftforge.event.entity.EntityTeleportEvent$TeleportCommand":"net.minecraftforge.event.entity.EntityTeleportEvent$TeleportCommand","net.minecraftforge.client.event.EntityRenderersEvent$CreateSkullModels":"net.minecraftforge.client.event.EntityRenderersEvent$CreateSkullModels","de.keksuccino.konkrete.events.ScreenTickEvent":"de.keksuccino.konkrete.events.ScreenTickEvent","net.minecraftforge.client.event.RenderGuiEvent":"net.minecraftforge.client.event.RenderGuiEvent","net.minecraftforge.registries.DataPackRegistryEvent":"net.minecraftforge.registries.DataPackRegistryEvent","net.minecraftforge.client.event.RenderPlayerEvent$Pre":"net.minecraftforge.client.event.RenderPlayerEvent$Pre","net.minecraftforge.event.entity.player.PlayerEvent$BreakSpeed":"net.minecraftforge.event.entity.player.PlayerEvent$BreakSpeed","net.minecraftforge.client.event.ScreenEvent$Render":"net.minecraftforge.client.event.ScreenEvent$Render","net.minecraftforge.client.event.ScreenEvent$Render$Post":"net.minecraftforge.client.event.ScreenEvent$Render$Post","net.minecraftforge.client.event.ScreenEvent$MouseButtonPressed$Pre":"net.minecraftforge.client.event.ScreenEvent$MouseButtonPressed$Pre","net.minecraftforge.client.event.RenderTooltipEvent$GatherComponents":"net.minecraftforge.client.event.RenderTooltipEvent$GatherComponents","net.minecraftforge.event.entity.EntityStruckByLightningEvent":"net.minecraftforge.event.entity.EntityStruckByLightningEvent","net.minecraftforge.event.entity.player.PlayerEvent$SaveToFile":"net.minecraftforge.event.entity.player.PlayerEvent$SaveToFile","net.minecraftforge.event.entity.living.MobEffectEvent$Added":"net.minecraftforge.event.entity.living.MobEffectEvent$Added","org.cyclops.integratedterminals.api.terminalstorage.event.TerminalStorageTabClientLoadButtonsEvent":"org.cyclops.integratedterminals.api.terminalstorage.event.TerminalStorageTabClientLoadButtonsEvent","net.minecraftforge.network.NetworkEvent":"net.minecraftforge.network.NetworkEvent","net.minecraftforge.client.event.ClientPlayerNetworkEvent$Clone":"net.minecraftforge.client.event.ClientPlayerNetworkEvent$Clone"}